{
    "ENSG00000109861": 31.67429542541504,
    "ENSG00000273559": 30.099658966064453,
    "ENSG00000178104": 33.74171447753906,
    "ENSG00000074755": 32.412574768066406,
    "ENSG00000143553": 48.91335678100586,
    "ENSG00000004534": 41.67301940917969,
    "ENSG00000005100": 38.58367156982422,
    "ENSG00000129250": 46.802555084228516,
    "ENSG00000196584": 27.079587936401367,
    "ENSG00000140299": 30.521690368652344,
    "ENSG00000149196": 30.578792572021484,
    "ENSG00000250722": 40.61965560913086,
    "ENSG00000197020": 43.675933837890625,
    "ENSG00000161542": 35.20307159423828,
    "ENSG00000110713": 29.42699432373047,
    "ENSG00000221829": 30.448482513427734
}